atmosphere,planetary_habitation,count,planet_list
Thin CO2,1,19,"['Vectera', 'Linnaeus IV-a', 'Zosma IV-c', 'Pyraas VI-a', 'Pyraas VIII-a', 'Andromas I', 'Archimedes VI-a', 'Bannoc IV-b', 'Bradbury II', 'Delta Vulpes V-c', 'Eridani VII-c', 'Foucault II', 'Leonis I-b', 'Leonis II', 'Maal II', 'Muphrid III', 'Rana VI-b', 'Sparta VI-b', 'Xi Ophiuchi VI-d']"
Thin CO2,2,0,[]
Thin CO2,4,0,[]
Thin CO2,0,43,"['Porrima II-c', 'Porrima IV-c', 'Chawla', 'Earth', 'Mars', 'Alchiba IV-a', 'Groombridge VIII-a', 'Alpha Andraste II', 'Arcturus III-a', 'Bardeen V-b', 'Beta Ternion III-a', 'Jaffa IV', 'Tau Ceti IV', 'Bara VII-d', 'Bohr I', 'Huygens VI-a', 'Ixyll IX-a', 'Pyraas III', 'Ternion V-a', 'Tirna I', 'Tirna VI-b', 'Bel II-a', 'Beta Andraste I-a', 'Copernicus IV', 'Copernicus Minor I-a', 'Denebola II-a', 'Eridani III-b', 'Cassiopeia II-a', 'Feynman II', 'Heinlein III', 'Indum I', 'Kang IV-a', 'Khayyam III', 'Lantana VIII-c', 'Lantana VIII-d', 'Leviathan VI-b', 'Maal VI-a', 'Muphrid V-d', 'Procyon VI-c', 'Schrodinger VI-c', 'Shoza II-a', 'Sirius II-a', 'Strix III-a']"
Thin CO2,3,3,"['Algorab III-b', 'Nemeria II-b', 'Proxima Ternion I-b']"
Extreme O2,1,0,[]
Extreme O2,2,4,"['Porrima II', 'Jaffa II', 'Andromas II', 'Shoza II']"
Extreme O2,4,0,[]
Extreme O2,0,0,[]
Extreme O2,3,0,[]
Extreme CO2,1,0,[]
Extreme CO2,2,21,"['Linnaeus I', 'Bondar', 'Alchiba I', 'Zosma I', 'Syrma I', 'Nirvana I', 'Verne I', 'Bardeen I', 'Enlil I', 'Tau Ceti I', 'Bara II', 'Ixyll V', 'Ternion II', 'Fermi II', 'Marduk II', 'Procyon II', 'Rana II', 'Sparta I', 'Sparta II', 'Ursa Minor I', 'Xi Ophiuchi III']"
Extreme CO2,4,0,[]
Extreme CO2,0,0,[]
Extreme CO2,3,3,"['Venus', 'Eridani I', 'Rutherford II']"
Extreme M,1,0,[]
Extreme M,2,7,"['Linnaeus III', 'Al-Battani III', 'Nirvana III', 'Ternion V', 'Magnar', 'Rivera I', 'Ursa Minor III']"
Extreme M,4,1,['Groombridge II']
Extreme M,0,0,[]
Extreme M,3,1,['Heisenberg V']
Extreme N2,1,0,[]
Extreme N2,2,6,"['Alpha Andraste VI', 'Tau Ceti V', 'Frost', 'Bannoc III', 'Heinlein V', 'Charybdis VI']"
Extreme N2,4,0,[]
Extreme N2,0,0,[]
Extreme N2,3,0,[]
Thin O2,1,2,"['Bara VI-c', 'Rutherford V-a']"
Thin O2,2,0,[]
Thin O2,4,0,[]
Thin O2,0,23,"['Linnaeus II', 'Montara Luna', 'Groombridge VIII-c', 'Syrma III', 'Nemeria II', 'Nemeria IV-a', 'Tau Ceti II', 'Bohr II', 'Huygens IV', 'Ixyll VI-e', 'Alpha Marae III-d', 'Andromas III', 'Feynman IV', 'Lantana VIII-b', 'Leonis IV', 'McClure II', 'Muphrid V-b', 'Newton III', 'Nikola I', 'Schrodinger VIII-a', 'Shoza VII-c', 'Sparta III', 'Ursa Minor II']"
Thin O2,3,2,"['Bel I', 'Copernicus II']"
Standard N2,1,10,"['Porrima V-a', 'Titan', 'Verne V', 'Bohr VII', 'Archimedes VI', 'Gamma Vulpes II-d', 'Kang VI', 'Leonis VII', 'Marduk VI', 'Nikola II']"
Standard N2,2,0,[]
Standard N2,4,0,[]
Standard N2,0,22,"['Al-Battani IV', 'Zosma II', 'Groombridge III', 'Alpha Andraste V', 'Beta Ternion III', 'Enlil V', 'Moloch III', 'Pyraas V', 'Pyraas VII-b', 'Tirna V', 'Beta Marae III', 'Copernicus V', 'Gamow', 'Cassiopeia III', 'Guniibuu IV', 'Heisenberg IV', 'Katydid III', 'Khayyam IV', 'Lantana VI', 'Lantana VII', 'McClure III', 'Oborum Proxima I']"
Standard N2,3,0,[]
None None,1,636,"['Porrima V-b', 'Porrima V-c', 'Porrima VI', 'Porrima VI-a', 'Volii Tau', 'Volii Psi', 'Volii Phi', 'Volii Upsilon', 'Volii Chi', 'Hypnos', 'Cybele', 'Orphius', 'Mithras', 'Magreth', 'Hyperia', 'Dalvik', 'Cruth', 'Linnaeus IV-c', 'Linnaeus V', 'Linnaeus VI', 'Linnaeus VII', 'Az-Valok', 'Numitor', 'Romulus', 'Remus', 'Lillius', 'Gasparis', 'Abetti', 'Okoro Alpha', 'Okoro Beta', 'Okoro Gamma', 'Okoro Delta', 'Okoro Epsilon', 'Uvhan', 'Nyarloth', ""Reva's World"", 'Curbeam', 'Grissom', 'Mercury', 'Mimas', 'Enceladus', 'Tethys', 'Dione', 'Rhea', 'Iapetus', 'Miranda', 'Ariel', 'Umbriel', 'Titania', 'Oberon', 'Triton', 'Pluto', 'Charon', 'Wellish', 'Heilo', 'Thren', 'Kalira', 'Agamon A', 'Agamon B', 'Agamon C', 'Agamon D', 'Stellis B', 'Stellis C', 'Stellis D', 'Tahrnis', 'Cragg', 'Olaran', 'Bismark', 'Belwah', 'Piazzi V', 'Piazzi V-a', 'Piazzi V-b', 'Piazzi V-c', 'Piazzi VI', 'Piazzi VI-a', 'Piazzi VI-b', 'Piazzi VI-c', 'Piazzi VII-a', 'Piazzi VII-b', 'Piazzi VII-c', 'Alchiba II-a', 'Alchiba VII-a', 'Alchiba VII-c', 'Alchiba VII-d', 'Alchiba VIII-a', 'Alchiba VIII-b', 'Alchiba IX-a', 'Alchiba X-a', 'Al-Battani I-a', 'Al-Battani I-b', 'Al-Battani I-c', 'Al-Battani V', 'Al-Battani V-a', 'Al-Battani VI-a', 'Al-Battani VI-b', 'Al-Battani VII-a', 'Al-Battani VIII', 'Al-Battani VIII-a', 'Aranae II', 'Aranae II-a', 'Aranae II-b', 'Aranae III', 'Aranae IV-a', 'Aranae IV-b', 'Aranae IV-d', 'Aranae IV-c', 'Aranae V', 'Zosma IV-a', 'Zosma IV-b', 'Zosma V-b', 'Zosma V-c', 'Zelazny VII-a', 'Zelazny VII-c', 'Zelazny VIII-a', 'Zelazny VIII-b', 'Zelazny VIII-d', 'Zelazny VIII-e', 'Freya I', 'Freya VII-a', 'Freya VIII-a', 'Freya IX-a', 'Freya IX-b', 'Freya IX-c', 'Groombridge IV', 'Groombridge IV-a', 'Groombridge V-a', 'Groombridge V-b', 'Groombridge V-c', 'Groombridge V-d', 'Groombridge V-e', 'Groombridge VI-a', 'Groombridge VI-b', 'Groombridge VII-a', 'Groombridge VII-b', 'Groombridge VIII-b', 'Syrma I-a', 'Syrma I-b', 'Syrma II-a', 'Syrma VII-b', 'Nirvana IV-a', 'Verne VI-a', 'Verne VI-b', 'Verne VII-a', 'Verne VII-b', 'Verne VII-c', 'Verne VII-e', 'Kumasi V-a', 'Kumasi V-b', 'Kumasi V-c', 'Kumasi V-d', 'Kumasi V-e', 'Kumasi VI', 'Kumasi VI-a', 'Kumasi VII-a', 'Kumasi VII-b', 'Kumasi VII-c', 'Kumasi VII-d', 'Kumasi VIII-a', 'Kumasi VIII-b', 'Kumasi VIII-c', 'Kumasi VIII-d', 'Kumasi IX', 'Kumasi IX-a', 'Rasalhague I-a', 'Rasalhague IV', 'Alpha Andraste I', 'Alpha Andraste I-a', 'Altair V', 'Altair V-a', 'Bardeen I-a', 'Bardeen IV-a', 'Bardeen V-e', 'Bardeen V-f', 'Bardeen VI', 'Bardeen VI-a', 'Bardeen VI-b', 'Bardeen VII-a', 'Enlil VI-a', 'Enlil VI-c', 'Enlil VI-d', 'Enlil VII-a', 'Jaffa VI-b', 'Jaffa VI-c', 'Jaffa VII-a', 'Jaffa VII-c', 'Jaffa VII-d', 'Jaffa VII-e', 'Jaffa VIII', 'Moloch I-a', 'Moloch V-a', 'Moloch V-b', 'Moloch V-d', 'Moloch VI-a', 'Moloch VII', 'Nemeria V-a', 'Nemeria V-b', 'Nemeria VI-a', 'Nemeria VI-b', 'Nemeria VI-c', 'Nemeria VI-d', 'Nemeria VII', 'Lontrah', 'Delah', ""N'raal"", 'Umanah', 'Sagan I', 'Tau Ceti VII', 'Tau Ceti VII-a', 'Tau Ceti VIII-a', 'Tau Ceti VIII-c', 'Tau Ceti VIII-d', 'Chthonia', 'Pontem', 'Bara I', 'Bara V-a', 'Bara VI-a', 'Bara VI-b', 'Bara VII-a', 'Bara VII-b', 'Bara VII-c', 'Bohr VI-a', 'Bohr VI-b', 'Bohr VI-c', 'Bohr VI-d', 'Bohr VIII', 'Hawking IV-a', 'Hawking V-a', 'Hawking VI-a', 'Huygens I', 'Huygens I-a', 'Huygens II-a', 'Huygens VII-c', 'Huygens VII-d', 'Huygens VII-e', 'Ixyll VI-b', 'Ixyll VI-d', 'Ixyll VII-b', 'Ixyll VII-c', 'Ixyll VIII-a', 'Ixyll VIII-b', 'Ixyll IX-b', 'Ixyll IX-c', 'Pyraas I', 'Pyraas VI-b', 'Pyraas VI-c', 'Pyraas VI-d', 'Pyraas VII', 'Pyraas VII-a', 'Pyraas VIII-b', 'Pyraas VIII-c', 'Pyraas VIII-d', 'Serpentis I', 'Prax', 'Hillex', 'Golga', 'Kindi', 'Shorun', 'Virum', 'Alpha Marae III-a', 'Alpha Marae III-b', 'Alpha Marae III-c', 'Alpha Marae IV-a', 'Alpha Marae V', 'Ternion I', 'Ternion VIII', 'Ternion IX-a', 'Ternion IX-b', 'Ternion IX-c', 'Ternion IX-d', 'Tirna VI-a', 'Tirna VI-c', 'Tirna VI-d', 'Tirna VI-e', 'Tirna VII-a', 'Tirna VII-b', 'Tirna VII-c', 'Tirna VIII-a', 'Tirna VIII-b', 'Tirna VIII-e', 'Tirna IX', 'Tirna X-a', 'Tirna X-b', 'Tirna X-c', 'Andromas V-a', 'Andromas VI-a', 'Archimedes I-a', 'Archimedes VI-b', 'Bannoc IV-a', 'Bel IV-a', 'Bel IV-b', 'Bel IV-d', 'Bel IV-e', 'Bel V', 'Bel V-a', 'Bel VII', 'Bessel II', 'Bessel III', 'Bessel III-a', 'Beta Andraste I-c', 'Beta Andraste I-d', 'Beta Marae IV-a', 'Beta Marae IV-c', 'Beta Marae IV-d', 'Beta Marae V-a', 'Beta Marae V-b', 'Beta Marae V-d', 'Beta Marae VI-a', 'Beta Marae VI-b', 'Beta Marae VI-c', 'Tirna B', 'Bradbury I', 'Bradbury I-a', 'Bradbury I-b', 'Carinae I', 'Carinae II', 'Carinae III-b', 'Carinae III-c', 'Carinae III-d', 'Carinae IV-a', 'Carinae V-a', 'Carinae V-b', 'Carinae V-c', 'Copernicus VII-b', 'Copernicus VIII-a', 'Copernicus VIII-b', 'Copernicus VIII-c', 'Copernicus VIII-d', 'Decaran II', 'Decaran III', 'Decaran IV', 'Decaran V', 'Decaran V-a', 'Decaran V-b', 'Decaran VI-a', 'Decaran VII', 'Decaran VII-a', 'Decaran VII-b', 'Decaran VIII-a', 'Decaran VIII-b', 'Decaran IX', 'Curie', 'Nascent', 'Rudiment', 'Bode', 'Herald', 'Augur', 'Coulomb', 'Volt', 'Ohm', 'Delta Vulpes IV-a', 'Delta Vulpes V-a', 'Delta Vulpes V-b', 'Delta Vulpes V-d', 'Delta Vulpes V-e', 'Delta Vulpes VI-a', 'Delta Vulpes VII', 'Denebola III-b', 'Eridani VI-a', 'Eridani VII-a', 'Eridani VII-b', 'Eridani VIII-a', 'Eridani VIII-c', 'Eridani IX', 'Cassiopeia IV-b', 'Cassiopeia IV-c', 'Fermi VIII-a', 'Fermi VIII-b', 'Fermi VIII-c', 'Fermi VIII-d', 'Fermi IX-a', 'Fermi IX-b', 'Fermi IX-c', 'Fermi IX-e', 'Fermi X', 'Feynman VI-a', 'Feynman VI-b', 'Feynman VI-c', 'Feynman VII-a', 'Feynman VII-c', 'Feynman VIII-a', 'Feynman VIII-b', 'Feynman VIII-c', 'Feynman VIII-d', 'Feynman VIII-e', 'Feynman IX', 'Feynman IX-a', 'Foucault I', 'Foucault I-a', 'Foucault I-b', 'Foucault II-a', 'Foucault II-b', 'Foucault V-a', 'Foucault V-c', 'Foucault VI-a', 'Foucault VI-b', 'Foucault VI-c', 'Foucault VI-d', 'Foucault VI-e', 'Foucault VII-a', 'Foucault VII-b', 'Foucault VII-c', 'Foucault VII-d', 'Foucault VIII', 'Foucault VIII-a', 'Gamma Vulpes III-a', 'Gamma Vulpes IV-b', 'Gamma Vulpes IV-c', 'Gamma Vulpes IV-d', 'Guniibuu I', 'Guniibuu I-a', 'Guniibuu I-b', 'Guniibuu V-a', 'Guniibuu V-b', 'Guniibuu V-d', 'Guniibuu V-e', 'Guniibuu VI-a', 'Guniibuu VI-c', 'Guniibuu VI-e', 'Guniibuu VII-a', 'Guniibuu VII-b', 'Guniibuu VII-c', 'Heinlein I', 'Heinlein II-a', 'Heinlein II-b', 'Heinlein V-a', 'Heinlein V-b', 'Heinlein V-c', 'Heinlein VI-b', 'Heinlein VI-c', 'Heinlein VI-d', 'Heinlein VI-e', 'Heinlein VII', 'Heisenberg VI-a', 'Heisenberg VI-b', 'Heisenberg VI-c', 'Heisenberg VII-a', 'Heisenberg VIII-a', 'Heisenberg VIII-b', 'Heisenberg VIII-d', 'Heisenberg IX', 'Heisenberg X', 'Hyla V', 'Hyla VI-b', 'Hyla VII-a', 'Hyla VIII-a', 'Hyla VIII-b', 'Hyla VIII-c', 'Hyla VIII-e', 'Indum III-a', 'Indum III-c', 'Indum III-d', 'Indum IV-a', 'Indum IV-b', 'Indum IV-c', 'Indum V-a', 'Kang I', 'Kang VI-a', 'Kang VII-a', 'Kang VII-b', 'Kang VII-d', 'Kang VIII-a', 'Kang VIII-b', 'Kang VIII-c', 'Kang VIII-d', 'Khayyam V-a', 'Khayyam VI-a', 'Khayyam VI-b', 'Khayyam VI-c', 'Khayyam VI-d', 'Khayyam VI-e', 'Lantana I', 'Lantana VIII-a', 'Lantana IX-a', 'Lantana IX-b', 'Lantana IX-c', 'Lantana IX-d', 'Leonis I-a', 'Leonis II-a', 'Leonis VIII-b', 'Leonis IX', 'Leviathan I', 'Leviathan II', 'Leviathan VII', 'Maal I', 'Maal I-a', 'Maal I-b', 'Maal II-a', 'Maal IX-a', 'Maal IX-c', 'Maal IX-d', 'Maal X', 'Maheo IV-a', 'Maheo IV-b', 'Maheo IV-d', 'Maheo V-a', 'Maheo VI', 'Maheo VI-a', 'Maheo VII', 'Maheo VII-a', 'Marduk I-a', 'Marduk VII-a', 'Marduk VII-b', 'Marduk VII-c', 'Marduk VII-d', 'Marduk VIII', 'Marduk IX', 'Marduk IX-a', 'Marduk IX-b', 'Masada I', 'Masada V-a', 'Masada VI-a', 'Masada VII-a', 'Masada VII-b', 'Masada VIII', 'Masada VIII-a', 'McClure I', 'McClure I-a', 'Muphrid I-a', 'Muphrid I-b', 'Muphrid III-b', 'Muphrid III-c', 'Muphrid VII-a', 'Muphrid VII-c', 'Muphrid VIII-a', 'Muphrid VIII-d', 'Newton I', 'Newton I-a', 'Newton V-a', 'Newton V-c', 'Newton VI', 'Nikola II-a', 'Nikola III', 'Nikola III-a', 'Nikola III-b', 'Nikola IV', 'Nikola IV-a', 'Nikola V', 'Nikola VI', 'Nikola VI-b', 'Nikola VI-a', 'Nikola VIII', 'Nikola VIII-a', 'Nikola IX', 'Nikola X-a', 'Oborum II-b', 'Oborum III-a', 'Oborum III-b', 'Oborum III-c', 'Oborum III-d', 'Procyon VI-a', 'Proxima Ternion I-a', 'Proxima Ternion I-c', 'Rana I-a', 'Rana I-b', 'Rana I-c', 'Rana VI-c', 'Rana VI-e', 'Rana VII-a', 'Rana VII-b', 'Rana VIII', 'Rana IX-a', 'Rana IX-b', 'Rivera II', 'Rivera II-a', 'Rivera II-b', 'Rivera II-c', 'Rivera III', 'Rivera IV', 'Rivera IV-a', 'Rivera V-a', 'Rutherford I-a', 'Rutherford I-b', 'Rutherford VI-b', 'Rutherford VI-c', 'Rutherford VI-d', 'Mir II', 'Schrodinger I', 'Schrodinger I-a', 'Schrodinger VII-a', 'Schrodinger VII-b', 'Schrodinger VII-c', 'Schrodinger VIII-b', 'Schrodinger VIII-c', 'Schrodinger VIII-d', 'Shoza I-a', 'Shoza VI-a', 'Shoza VIII-a', 'Shoza VIII-c', 'Shoza IX', 'Sirius I', 'Sparta VI-a', 'Sparta VI-c', 'Sparta VII-b', 'Sparta VII-c', 'Sparta VIII-a', 'Sparta VIII-b', 'Sparta VIII-c', 'Strix IV-a', 'Strix V', 'Strix VI-a', 'Strix VI-b', 'Strix VI-c', 'Pup I', 'Toliman I', 'Ursa Major III', 'Ursa Minor I-a', 'Ursa Minor I-b', 'Van Maanen I', 'Xi Ophiuchi I', 'Xi Ophiuchi VI-a', 'Xi Ophiuchi VI-b', 'Xi Ophiuchi VI-c', 'Xi Ophiuchi VIII-a', 'Xi Ophiuchi VIII-d', 'Xi Ophiuchi VIII-e', 'Xi Ophiuchi IX', 'Zeta Ophiuchi III', 'Zeta Ophiuchi III-a', 'Zeta Ophiuchi IV-a', 'Zeta Ophiuchi IV-b', 'Zeta Ophiuchi IV-c', 'Zeta Ophiuchi IV-d', 'Zeta Ophiuchi IV-e', 'Zeta Ophiuchi V-a', 'Zeta Ophiuchi V-b', 'Zeta Ophiuchi VI-b', 'Zeta Ophiuchi VI-c', 'Zeta Ophiuchi VI-d', 'Zeta Ophiuchi VI-e', 'Charybdis VII-a', 'Charybdis VII-b', 'Charybdis VII-c', 'Charybdis VIII-a', 'Charybdis VIII-b', 'Charybdis IX', 'Kavnyk I-a']"
None None,2,0,[]
None None,4,0,[]
None None,0,541,"['Porrima I', 'Porrima I-a', 'Porrima I-b', 'Porrima II-a', 'Porrima III-a', 'Porrima III-b', 'Porrima IV', 'Porrima IV-a', 'Porrima IV-b', 'Porrima V', 'Nox', 'Boron', 'Candore', 'Rocklock', 'Ice', 'Volii Beta', 'Volii Delta', 'Volii Gamma', 'Volii Omega', 'Pontus', 'Thalassa', 'Thanatos', 'Aion', 'Andraphon', 'Danra', 'Podius', 'Gryphus', 'Deepala', 'Grimsey', 'Anselon', 'Linnaeus II-a', 'Linnaeus III-a', 'Linnaeus IV', 'Coeus', 'Crius', 'Vesta Lunaris', 'Earrach', 'Gaea', 'Cassini', 'Okoro', 'Cthol', 'Kurtz', 'Olivas', 'Lovell', 'Luna', 'Phobos', 'Deimos', 'Jupiter', 'Io', 'Europa', 'Ganymede', 'Callisto', 'Saturn', 'Uranus', 'Neptune', 'Bindi', 'Antharum', 'Smet', 'Burran', 'Rell', 'Grizzit', 'Montara', 'Agamon', 'Stellis', 'Fenn', 'Navaha', 'Piazzi III', 'Piazzi III-a', 'Piazzi III-b', 'Piazzi IV', 'Piazzi IV-a', 'Piazzi IV-b', 'Piazzi VII', 'Algorab III', 'Algorab III-c', 'Algorab III-d', 'Algorab III-e', 'Alchiba III', 'Alchiba III-a', 'Alchiba III-b', 'Alchiba III-c', 'Alchiba V-a', 'Alchiba VI', 'Alchiba VI-a', 'Alchiba VI-b', 'Alchiba VI-c', 'Alchiba VII', 'Alchiba IX', 'Alchiba X', 'Al-Battani III-a', 'Al-Battani III-b', 'Al-Battani IV-a', 'Al-Battani IV-b', 'Al-Battani VI', 'Al-Battani VII', 'Aranae IV', 'Zosma III', 'Zosma IV', 'Zosma V', 'Zelazny II-a', 'Zelazny VII', 'Zelazny VIII', 'Freya IV-a', 'Freya IV-b', 'Freya IV-c', 'Freya VI', 'Freya VII', 'Freya VIII', 'Freya IX', 'Groombridge II-a', 'Groombridge II-c', 'Groombridge III-a', 'Groombridge V', 'Groombridge VI', 'Groombridge VII', 'Groombridge VIII', 'Syrma IV-a', 'Syrma V-a', 'Syrma VI', 'Syrma VI-a', 'Syrma VI-b', 'Syrma VI-d', 'Syrma VII', 'Nirvana II-a', 'Nirvana III-a', 'Nirvana IV', 'Verne I-a', 'Verne II-a', 'Verne III-a', 'Verne VI', 'Verne VII', 'Kumasi I-a', 'Kumasi II-a', 'Kumasi III-a', 'Kumasi IV-a', 'Kumasi V', 'Kumasi VII', 'Kumasi VIII', 'Rasalhague III', 'Rasalhague III-a', 'Rasalhague III-b', 'Altair III-a', 'Altair III-b', 'Altair III-c', 'Altair IV', 'Altair IV-a', 'Altair IV-b', 'Altair IV-d', 'Arcturus III', 'Bardeen II', 'Bardeen III-b', 'Bardeen III-a', 'Bardeen IV', 'Bardeen V', 'Bardeen V-a', 'Bardeen VII', 'Beta Ternion I-a', 'Enlil II-a', 'Enlil IV-a', 'Enlil VI', 'Enlil VII', 'Jaffa I-a', 'Jaffa IV-a', 'Jaffa V', 'Jaffa V-a', 'Jaffa VI', 'Jaffa VII', 'Moloch IV', 'Moloch V', 'Moloch VI', 'Nemeria II-a', 'Nemeria III', 'Nemeria III-a', 'Nemeria IV', 'Nemeria V', 'Nemeria VI', 'Kazarah', 'Nirah Prime', 'Tau Ceti II-a', 'Tau Ceti IV-a', 'Tau Ceti IV-b', 'Tau Ceti VI', 'Tau Ceti VI-a', 'Tau Ceti VIII', 'Tau Ceti IX', 'Tidacha I-a', 'Tidacha I-b', 'Tidacha I-c', 'Etherea', 'Bara II-a', 'Bara III-a', 'Bara IV', 'Bara V', 'Bara VI', 'Bara VII', 'Bohr I-a', 'Bohr III-a', 'Bohr III-b', 'Bohr VI', 'Hawking I-a', 'Hawking V', 'Hawking VI', 'Huygens I-b', 'Huygens II-b', 'Huygens V', 'Huygens V-a', 'Huygens V-b', 'Huygens VII', 'Ixyll II-a', 'Ixyll III-a', 'Ixyll VI', 'Ixyll VII', 'Ixyll VIII', 'Ixyll IX', 'Pyraas II-a', 'Pyraas III-a', 'Pyraas III-b', 'Pyraas VI', 'Pyraas VIII', 'Serpentis II-a', 'Serpentis II-b', 'Serpentis IV-a', 'Serpentis V', 'Serpentis V-a', 'Serpentis V-b', 'Serpentis V-c', 'Serpentis VI', 'Serpentis VI-b', 'Miatha', 'Navacci', 'Cantra', 'Lumos', 'Alpha Marae II', 'Alpha Marae II-a', 'Alpha Marae III', 'Alpha Marae IV', 'Ternion III-a', 'Ternion V-b', 'Ternion VI-a', 'Ternion IX', 'Tirna II-a', 'Tirna III-a', 'Tirna III-b', 'Tirna III-c', 'Tirna IV-a', 'Tirna VI', 'Tirna VII', 'Tirna VIII', 'Tirna X', 'Andromas IV', 'Andromas IV-a', 'Andromas V', 'Andromas VI', 'Archimedes IV-a', 'Archimedes V', 'Archimedes V-b', 'Bannoc III-a', 'Bannoc IV', 'Bannoc Secondus I', 'Bel I-a', 'Bel III-a', 'Bel III-b', 'Bel III-c', 'Bel IV', 'Bel VI', 'Bessel I', 'Beta Andraste I', 'Beta Andraste I-b', 'Beta Marae I-a', 'Beta Marae II-a', 'Beta Marae II-b', 'Beta Marae III-a', 'Beta Marae IV', 'Beta Marae V', 'Beta Marae VI', 'Bradbury IV-a', 'Bradbury V', 'Bradbury V-a', 'Carinae II-a', 'Carinae III', 'Carinae IV', 'Carinae V', 'Celebrai III', 'Celebrai III-a', 'Celebrai III-b', 'Celebrai III-c', 'Celebrai IV', 'Copernicus III-a', 'Copernicus VI', 'Copernicus VII', 'Copernicus VIII', 'Copernicus Minor I', 'Decaran VI', 'Decaran VIII', 'Worthless', 'Bitsy', 'Itsy', 'Bose', 'Fundament', 'Faraday', 'Delta Vulpes I', 'Delta Vulpes III', 'Delta Vulpes III-a', 'Delta Vulpes IV', 'Delta Vulpes V', 'Delta Vulpes VI', 'Denebola I', 'Denebola I-a', 'Denebola II', 'Denebola III', 'Eridani III-a', 'Eridani III-c', 'Eridani IV-a', 'Eridani IV-b', 'Eridani IV-c', 'Eridani VI', 'Eridani VII', 'Eridani VIII', 'Cassiopeia III-a', 'Cassiopeia IV', 'Fermi II-a', 'Fermi III-a', 'Fermi III-b', 'Fermi IV-a', 'Fermi IV-b', 'Fermi V-a', 'Fermi VI-a', 'Fermi VII', 'Fermi VIII', 'Fermi IX', 'Feynman V-a', 'Feynman V-b', 'Feynman VI', 'Feynman VII', 'Feynman VIII', 'Foucault III-a', 'Foucault III-b', 'Foucault IV', 'Foucault V', 'Foucault VI', 'Foucault VII', 'Gamma Vulpes II', 'Gamma Vulpes II-b', 'Gamma Vulpes II-c', 'Gamma Vulpes III', 'Gamma Vulpes IV', 'Guniibuu III-a', 'Guniibuu III-b', 'Guniibuu III-c', 'Guniibuu IV-a', 'Guniibuu IV-b', 'Guniibuu V', 'Guniibuu VI', 'Guniibuu VII', 'Heinlein III-a', 'Heinlein IV', 'Heinlein IV-a', 'Heinlein IV-d', 'Heinlein IV-e', 'Heinlein VI', 'Heisenberg I', 'Heisenberg VI', 'Heisenberg VII', 'Heisenberg VIII', 'Hyla I-a', 'Hyla II-a', 'Hyla II-b', 'Hyla III', 'Hyla IV', 'Hyla IV-a', 'Hyla IV-b', 'Hyla VI', 'Hyla VII', 'Hyla VIII', 'Indum I-a', 'Indum III', 'Indum IV', 'Indum V', 'Kang IV-b', 'Kang IV-c', 'Kang VII', 'Kang VIII', 'Kapteyn I', 'Kapteyn II', 'Katydid I', 'Katydid I-b', 'Khayyam I-a', 'Khayyam II-a', 'Khayyam III-a', 'Khayyam III-b', 'Khayyam III-c', 'Khayyam IV-a', 'Khayyam V', 'Khayyam VI', 'Lantana III-a', 'Lantana V', 'Lantana V-a', 'Lantana V-b', 'Lantana VIII', 'Lantana IX', 'Leonis V-a', 'Leonis VI', 'Leonis VI-a', 'Leonis VIII', 'Leviathan V', 'Leviathan V-a', 'Leviathan VI', 'Leviathan VI-a', 'Maal III-a', 'Maal V-a', 'Maal VI', 'Maal VI-b', 'Maal VI-c', 'Maal VIII-a', 'Maal IX', 'Maheo III', 'Maheo III-a', 'Maheo III-b', 'Maheo IV', 'Maheo V', 'Marduk III-a', 'Marduk V-a', 'Marduk VII', 'Masada IV-a', 'Masada V', 'Masada V-b', 'Masada VI', 'Masada VII', 'Masada IX', 'McClure II-a', 'McClure II-b', 'McClure II-c', 'Muphrid II-a', 'Muphrid III-a', 'Muphrid V', 'Muphrid V-a', 'Muphrid V-c', 'Muphrid VI', 'Muphrid VI-a', 'Muphrid VI-c', 'Muphrid VI-d', 'Muphrid VII', 'Muphrid VIII', 'Newton II-a', 'Newton II-b', 'Newton V', 'Nikola VII', 'Nikola X', 'Oborum II', 'Oborum IV', 'Oborum III', 'Ophion I', 'Ophion I-a', 'Procyon I-a', 'Procyon III-a', 'Procyon IV-a', 'Procyon V', 'Procyon V-a', 'Procyon V-b', 'Procyon V-c', 'Procyon VI', 'Procyon-B I', 'Proxima Ternion I', 'Proxima Ternion IV-a', 'Rana II-a', 'Rana III-a', 'Rana V-a', 'Rana VI', 'Rana VII', 'Rana IX', 'Rivera I-a', 'Rivera V', 'Rutherford II-a', 'Rutherford III-a', 'Rutherford IV', 'Rutherford IV-a', 'Rutherford IV-b', 'Rutherford IV-c', 'Rutherford IV-e', 'Rutherford V', 'Rutherford VI', 'Bonner', 'Schrodinger III-a', 'Schrodinger V-a', 'Schrodinger VI', 'Schrodinger VI-a', 'Schrodinger VI-b', 'Schrodinger VII', 'Schrodinger VIII', 'Shoza III-a', 'Shoza VI', 'Shoza VII', 'Shoza VIII', 'Sirius III', 'Sirius III-b', 'Sparta II-a', 'Sparta II-b', 'Sparta III-a', 'Sparta V-a', 'Sparta VI', 'Sparta VII', 'Sparta VIII', 'Strix I-a', 'Strix III', 'Strix III-b', 'Strix III-d', 'Strix VI', 'Toliman II-a', 'Toliman II-b', 'Toliman II-c', 'Ursa Major I-a', 'Ursa Major I-b', 'Ursa Major I-c', 'Ursa Minor II-a', 'Vega I', 'Vega I-a', 'Vega I-b', 'Vega I-c', 'Vega II', 'Vega II-a', 'Vega II-b', 'Xi Ophiuchi III-a', 'Xi Ophiuchi V-a', 'Xi Ophiuchi VI', 'Xi Ophiuchi VII', 'Xi Ophiuchi VIII', 'Zeta Ophiuchi II', 'Zeta Ophiuchi IV', 'Zeta Ophiuchi V', 'Zeta Ophiuchi VI', 'Charybdis IV-a', 'Charybdis V-a', 'Charybdis VI-a', 'Charybdis VII', 'Charybdis VIII', 'Kavnyk I', 'Kavnyk I-c', 'Kavnyk II', 'Kavnyk II-a', 'Kavnyk II-b', 'Kavnyk II-c']"
None None,3,0,[]
Standard O2,1,2,"['Enlil I-a', 'Foucault V-b']"
Standard O2,2,0,[]
Standard O2,4,0,[]
Standard O2,0,67,"['Porrima IV-d', 'Neebas', 'Max', 'Suvorov', 'Nesoi', 'Kreet', 'Jemison', 'Codos', 'Piazzi I', 'Piazzi IV-c', 'Zelazny II', 'Zelazny VIII-c', 'Freya III', 'Groombridge VIII-d', 'Syrma VI-c', 'Syrma VII-a', 'Verne II', 'Kumasi II', 'Arcturus II', 'Bardeen III', 'Bardeen V-c', 'Beta Ternion II', 'Ixyll II', 'Polvo', 'Tirna II', 'Tirna VIII-d', 'Andromas V-b', 'Archimedes III', 'Archimedes V-a', 'Bolivar I', 'Bradbury IV', 'Celebrai II', 'Copernicus III', 'Copernicus VII-a', 'Decaran I', 'Arachna', 'Eridani II', 'Eridani III', 'Cassiopeia I', 'Fermi III', 'Gamma Vulpes II-a', 'Heinlein IV-b', 'Heisenberg II', 'Heisenberg III', 'Hyla VIII-d', 'Indum II', 'Indum III-b', 'Khayyam II', 'Lantana III', 'Lantana IV', 'Leonis VIII-c', 'Leviathan IV', 'Maal IV', 'Maal V', 'Maheo IV-c', 'Masada III', 'Muphrid IV', 'Procyon VI-b', 'Rana IV', 'Rutherford III', 'Schrodinger III', 'Toliman II', 'Ursa Major II', 'Vega II-c', 'Xi Ophiuchi VII-a', 'Zeta Ophiuchi I', 'Charybdis III']"
Standard O2,3,11,"['Dionysus', 'Vesta', 'Alchiba X-b', 'Al-Battani II', 'Zosma V-a', 'Bardeen V-d', 'Jaffa VI-a', 'Tidacha I', 'Guniibuu VI-d', 'Maal III', 'Schrodinger IV']"
High O2,1,0,[]
High O2,2,0,[]
High O2,4,0,[]
High O2,0,31,"['Volii Alpha', 'Gagarin', 'Akila', 'Algorab II', 'Nirvana II', 'Kumasi I', 'Rasalhague II', 'Alpha Andraste III', 'Altair II', 'Beta Ternion I', 'Jaffa III', 'Moloch II', 'Nemeria I', 'Serpentis II', 'Serpentis IV', 'Ternion III', 'Beta Marae I', 'Bradbury III', 'Feynman III', 'Gamma Vulpes I', 'Hyla II', 'Leonis III', 'Procyon III', 'Proxima Ternion III', 'Rana III', 'Shoza III', 'Shoza IV', 'Strix I', 'Charybdis I', 'Charybdis II', ""Va'ruun'kai""]"
High O2,3,4,"['Huygens III', 'Bel II', 'Guniibuu II', 'Sparta IV']"
High CO2,1,8,"['Al-Battani I', 'Zelazny I', 'Huygens II', 'Fermi I', 'Kang II', 'Khayyam I', 'Marduk I', 'Masada II']"
High CO2,2,0,[]
High CO2,4,0,[]
High CO2,0,6,"['Freya II', 'Bohr III', 'Serpentis III', 'Leviathan III', 'Proxima Ternion II', 'Charybdis IV']"
High CO2,3,1,['Hawking I']
High M,1,0,[]
High M,2,0,[]
High M,4,0,[]
High M,0,14,"['Zosma I-a', 'Verne IV', 'Alpha Andraste IV', ""Ka'zaal"", 'Ixyll III', 'Pyraas II', 'Bel III', 'Cassiopeia II', 'Foucault III', 'Kang III', 'Maal VII', 'Newton II', 'Proxima Ternion IV', 'Shoza V']"
High M,3,2,"['Zelazny III', 'Tirna III']"
Thin N2,1,30,"['Stellis A', 'Hardpoint', 'Laramie', 'Zelazny VII-b', 'Moloch V-c', 'Moloch VI-b', 'Hawking IV', 'Huygens VIII', 'Ixyll VI-a', 'Ixyll VI-c', 'Ixyll VII-a', 'Ixyll IX-d', 'Ternion VII', 'Andromas VI-b', 'Beta Marae V-c', 'Eridani VIII-b', 'Eridani VIII-d', 'Fermi VII-b', 'Fermi IX-d', 'Feynman VII-b', 'Foucault VII-e', 'Guniibuu V-c', 'Hyla VI-a', 'Muphrid VII-b', 'Muphrid VIII-b', 'Rutherford VI-a', 'Schrodinger VIII-e', 'Shoza VII-a', 'Shoza VII-b', 'Shoza VIII-b']"
Thin N2,2,0,[]
Thin N2,4,0,[]
Thin N2,0,11,"['Voss', 'Alchiba V', 'Nemeria IV-b', 'Huygens VII-a', 'Serpentis V-d', 'Ternion VI', 'Carinae III-a', 'Delta Vulpes II', 'Maheo II', 'Sirius III-a', 'Xi Ophiuchi VII-b']"
Thin N2,3,3,"['Freya V', 'Nikola VII-a', 'Xi Ophiuchi VIII-b']"
High N2,1,1,['Ananke']
High N2,2,0,[]
High N2,4,1,['Alchiba VIII']
High N2,0,6,"['Erebus', 'Zelazny VI', 'Kumasi IV', 'Ixyll IV', 'Pyraas IV', 'Procyon IV']"
High N2,3,2,"['Maal VIII', 'Strix IV']"
Standard CO2,1,19,"['Skink', 'Algorab I', 'Alchiba II', 'Syrma II', 'Rasalhague I', 'Arcturus I', 'Moloch I', 'Archimedes I', 'Bannoc I', 'Lantana II', 'Leonis I', 'Muphrid I', 'Muphrid II', 'Rana I', 'Rana VI-d', 'Rutherford I', 'Schrodinger II', 'Shoza I', 'Xi Ophiuchi II']"
Standard CO2,2,0,[]
Standard CO2,4,0,[]
Standard CO2,0,27,"['Algorab III-a', 'Zelazny IV', 'Groombridge I', 'Verne III', 'Altair I', 'Enlil III', 'Jaffa I', 'Jaffa II-a', 'Tau Ceti III', 'Bara III', 'Hawking II', 'Ixyll I', 'Alpha Marae I', 'Copernicus I', 'Fermi IV', 'Fermi V', 'Feynman V', 'Guniibuu III', 'Heisenberg V-a', 'Hyla I', ""Luyten's Rock"", 'Muphrid VIII-c', 'Newton IV', 'Sparta V', 'Strix II', 'Ursa Major I', 'Charybdis V']"
Standard CO2,3,4,"['Celebrai I', 'Heinlein II', 'Marduk III', 'Procyon I']"
Standard M,1,3,"['Aranae I', 'Feynman I', 'Zeta Ophiuchi VI-a']"
Standard M,2,0,[]
Standard M,4,0,[]
Standard M,0,44,"['Ourea', 'Sumati', 'Petria', 'Washakie', 'Piazzi II', 'Alchiba IV', 'Zelazny V', 'Syrma V', 'Altair III', 'Altair IV-c', 'Enlil II', 'Enlil IV', 'Bohr IV', 'Bohr V', 'Hawking III', 'Huygens VI', 'Serpentis VI-a', 'Alpha Marae IV-b', 'Ternion IV', 'Tirna IV', 'Archimedes IV', 'Bannoc II', 'Beta Marae II', 'Beta Marae IV-b', 'Denebola I-b', 'Eridani V', 'Fermi VII-a', 'Heinlein VI-a', 'Kang IV', 'Kang V', 'Katydid II', 'Leonis V', 'Marduk IV', 'Marduk V', 'Newton V-b', 'Oborum II-a', 'Rana V', 'Schrodinger V', 'Sirius II', 'Strix III-c', 'Vega II-d', 'Vega II-e', 'Xi Ophiuchi V', 'Kavnyk II-e']"
Standard M,3,5,"['Niira', 'Eridani IV', 'Indum IV-d', 'Masada IV', 'Xi Ophiuchi IV']"
Thin M,1,1,['Foucault V-d']
Thin M,2,0,[]
Thin M,4,1,['Porrima III']
Thin M,0,44,"['Porrima II-b', 'Volii Epsilon', 'Linnaeus IV-b', 'Zamka', 'Hawley', 'Alchiba VII-b', 'Zosma III-a', 'Zelazny VII-d', 'Freya IV', 'Groombridge II-b', 'Syrma IV', 'Kumasi III', 'Enlil VI-b', 'Jaffa VII-b', 'Nemeria V-c', 'Tau Ceti VIII-b', 'Hawking VI-b', 'Huygens VII-b', 'Ixyll III-b', 'Tirna VIII-c', 'Archimedes II', 'Bessel III-b', 'Copernicus Minor I-b', 'Ampere', 'Fermi VI', 'Fermi VII-c', 'Gamma Vulpes IV-a', 'Guniibuu VI-b', 'Heinlein IV-c', 'Heisenberg VIII-c', 'Kang VII-c', 'Katydid I-a', 'Lantana IX-e', 'Leonis VIII-a', 'Maheo I', 'Masada V-c', 'Oborum I', 'Rutherford IV-d', 'Shoza VIII-d', 'Sparta VII-a', 'Xi Ophiuchi VIII-c', 'Charybdis VI-b', 'Charybdis VII-d', 'Kavnyk II-d']"
Thin M,3,10,"['Verne VII-d', 'Bel IV-c', 'Denebola III-a', 'Cassiopeia IV-a', 'Hyla V-a', 'Maal IX-b', 'Muphrid VI-b', 'Rana VI-a', 'Rutherford V-b', 'Xi Ophiuchi VI-e']"
